{"NAME":"v148","URL":"http://7.tutcravt1.tutdomen.com/","PORT":"21","HOST":"213.202.233.41","USERNAME":"konstruktor","PASSWORD":"KLONew89hf","dirOnServer":"v148","dirOnPC":"v148","HOST_TOW":"213.202.233.42","PORT_TOW":"","PASSWORD_TOW":"KLONew89hf","USERNAME_TOW":"konstruktor","dirOnServer_TOW":"v148","dirOnPC_TOW":"v148","minifyHtml":true,"regXTwoFrom":"imgkonst1","regXTwoTo":"imgkonst2","regXOneFrom":"\"images","regXOneTo":"\"http://imgkonst1.pw/%dir%/images","regXTwoTwoFrom":"","regXTwoTwoTo":"","regXOneTwoFrom":"","regXOneTwoTo":"","appendJsToStart":"","regInvertedFrom":"http://plmvol.ru/index.php","appendCssToStart":"","appendCssToFinish":"","appendJsToFinish":""}
