{"NAME":"v192","URL":"http://7.tutcravt1.tutdomen.com/","PORT":"21","HOST":"213.202.233.41","USERNAME":"konstruktor","PASSWORD":"KLONew89hf","dirOnServer":"v192","dirOnPC":"v192","HOST_TOW":"213.202.233.42","PORT_TOW":"","PASSWORD_TOW":"KLONew89hf","USERNAME_TOW":"konstruktor","dirOnServer_TOW":"v192","dirOnPC_TOW":"v192","minifyHtml":true,"compressImg":true,"regXTwoFrom":"imgkonst1","regXTwoTo":"imgkonst2","regXOneFrom":"\"images","regXOneTo":"\"http://imgkonst1.pw/%dir%/images","regXTwoTwoFrom":"","regXTwoTwoTo":"","regXOneTwoFrom":"","regXOneTwoTo":"","appendJsToStart":"","regInvertedFrom":"http://plmvol.ru/index.php","appendCssToStart":"","appendCssToFinish":"","appendJsToFinish":"if(window.location.search != '' && window.location.search.indexOf('?ref=') > -1) {\n    var ref = window.location.search.replace('?ref=', '');\n    function updateURLParameter(url, param, paramVal){\n        var newAdditionalURL = \"\";\n        var tempArray = url.split(\"?\");\n        var baseURL = tempArray[0];\n        var additionalURL = tempArray[1];\n        var temp = \"\";\n        if (additionalURL) {\n            tempArray = additionalURL.split(\"&\");\n            for (var i=0; i<tempArray.length; i++){\n                if(tempArray[i].split('=')[0] != param){\n                    newAdditionalURL += temp + tempArray[i];\n                    temp = \"&\";\n                }\n            }\n        }\n        var rows_txt = temp + \"\" + param + \"=\" + paramVal;\n        return baseURL + \"?\" + newAdditionalURL + rows_txt;\n    }\n    var newParam = updateURLParameter(window.location.href.replace('?ref=001', '' ), \"ref\", ref);\n    var newUrl = document.getElementsByClassName(\"appenJs\")[0].src.replace( 'http://plmvol.ru/index.php?crossorigin=1224', newParam );\n    document.getElementsByClassName(\"appenJs\")[0].src = newUrl;\n} else {\n    console.log(window.location.search);\n    document.body.innerHTML = \"\";\n    var elem = document.createElement(\"img\");\n    elem.src = 'http://lamcdn.net/lookatme.ru/post-cover/hkklqQ0vaxY6ir9uFo5ofA-default.png';\n    elem.id = \"BG\";\n    document.body.appendChild(elem);\n    BG.style.width = '100%';\n    BG.style.position = \"absolute\";\n    BG.style.right = \"0\";\n    BG.style.left = \"0\";\n    BG.style.top = \"0\";\n    BG.style.bottom = \"0\";\n    BG.style.margin = \"auto\";\n    document.body.style.background = '#0708ff';\n    document.body.style.overflow = 'hidden';\n}"}
