{"NAME":"v299","URL":"http://7.tutcravt1.tutdomen.com/","PORT":"21","HOST":"213.202.233.41","USERNAME":"konstruktor","PASSWORD":"KLONew89hf","dirOnServer":"v299","dirOnPC":"v299","HOST_TOW":"213.202.233.42","PORT_TOW":"","PASSWORD_TOW":"KLONew89hf","USERNAME_TOW":"konstruktor","dirOnServer_TOW":"v299","dirOnPC_TOW":"v299","minifyHtml":true,"compressImg":true,"regXTwoFrom":"imgkonst1","regXTwoTo":"imgkonst2","regXOneFrom":"\"images","regXOneTo":"\"http://imgkonst1.pw/%dir%/images","regXTwoTwoFrom":"","regXTwoTwoTo":"","regXOneTwoFrom":"","regXOneTwoTo":"","appendJsToStart":"document.body.style.display = 'none';","regInvertedFrom":"http://plmvol.ru/index.php","appendCssToStart":"","appendCssToFinish":"","appendJsToFinish":"if(window.location.search != '' && window.location.search.indexOf('?ref=') > -1) {\n    // --- --- --- change ID --- --- ---\n        var ref = window.location.search; // window.location.search\n        var refInt = ref.replace( '?ref=', '' ); // 001\n        var urlVideo = document.getElementsByClassName(\"appenJs\")[0].src; // document.getElementsByClassName(\"appenJs\")[0].src\n    // get old id\n        var from = urlVideo.search('crossorigin=');\n        var to = urlVideo.length;\n        var SrtT = urlVideo.substring(from + 12,to);// 1224&init=3115::74315\n        var fromT = 0;\n        var toT = SrtT.search('&');\n        var idOld = SrtT.substring(fromT ,toT);\n        var urlAndNewId = document.getElementsByClassName(\"appenJs\")[0].src.replace( idOld, refInt );\n        document.getElementsByClassName(\"appenJs\")[0].src = urlAndNewId;\n        document.body.style.display = 'block';\n    // --- --- --- change ID --- --- ---\n} else {\n    document.body.innerHTML = \"\";\n    var elem = document.createElement(\"img\");\n    elem.src = 'http://lamcdn.net/lookatme.ru/post-cover/hkklqQ0vaxY6ir9uFo5ofA-default.png';\n    elem.id = \"BG\";\n    document.body.appendChild(elem);\n    BG.style.width = '100%';\n    BG.style.position = \"absolute\";\n    BG.style.right = \"0\";\n    BG.style.left = \"0\";\n    BG.style.top = \"0\";\n    BG.style.bottom = \"0\";\n    BG.style.margin = \"auto\";\n    document.body.style.background = '#0708ff';\n    document.body.style.overflow = 'hidden';\n    document.body.style.display = 'block';\n}"}
